{
 "Tokyo": 0.08059384941675504,
 "Hokkaido": 0.0746288441145281,
 "Osaka": 0.0662778366914104,
 "Aichi": 0.05726405090137858,
 "Fukuoka": 0.048117709437963944,
 "Aomori": 0.043478260869565216,
 "Hyogo": 0.03989925768822906,
 "Kagoshima": 0.039766702014846236,
 "Kanagawa": 0.035790031813361614,
 "Chiba": 0.035790031813361614,
 "Saitama": 0.03207847295864263,
 "Ibaraki": 0.027704135737009545,
 "Kumamoto": 0.023064687168610817,
 "Shizuoka": 0.021474019088016966,
 "Akita": 0.019353128313891833,
 "Niigata": 0.018027571580063628,
 "Nagasaki": 0.017497348886532343,
 "Fukushima": 0.0165694591728526,
 "Miyagi": 0.015906680805938492,
 "Miyazaki": 0.015111346765641569,
 "Gifu": 0.01497879109225875,
 "Mie": 0.014581124072110286,
 "Ehime": 0.014183457051961824,
 "Yamaguchi": 0.014050901378579003,
 "Tochigi": 0.013785790031813362,
 "Saga": 0.013123011664899258,
 "Gunma": 0.013123011664899258,
 "Yamagata": 0.012725344644750796,
 "Oita": 0.012195121951219513,
 "Kyoto": 0.011532343584305408,
 "Iwate": 0.011532343584305408,
 "Ishikawa": 0.011267232237539766,
 "Hiroshima": 0.010737009544008483,
 "Kochi": 0.010471898197242842,
 "Nagano": 0.010339342523860021,
 "Okinawa": 0.009146341463414634,
 "Yamanashi": 0.008218451749734889,
 "Okayama": 0.007820784729586427,
 "Wakayama": 0.0076882290562036056,
 "Toyama": 0.0076882290562036056,
 "Nara": 0.0076882290562036056,
 "Fukui": 0.007555673382820784,
 "Kagawa": 0.006627783669141039,
 "Tokushima": 0.006230116648992577,
 "Shimane": 0.005567338282078473,
 "Shiga": 0.005567338282078473,
 "Tottori": 0.003181336161187699
}
